INSERT INTO public.app_empresa (id, nombre, sitio_web, logo, direccion, descripcion, puntaje, validada) VALUES (3, 'Empresa 1', null, null, null, null, 0, false);
INSERT INTO public.app_empresa (id, nombre, sitio_web, logo, direccion, descripcion, puntaje, validada) VALUES (4, 'Empresa 2', null, null, null, null, 0, false);
INSERT INTO public.app_empresa (id, nombre, sitio_web, logo, direccion, descripcion, puntaje, validada) VALUES (5, 'Empresa 3', null, null, null, null, 0, false);

INSERT INTO public.app_tipoetiqueta (id, nombre) VALUES (1, 'lenguaje');
INSERT INTO public.app_tipoetiqueta (id, nombre) VALUES (2, 'jornada');
INSERT INTO public.app_tipoetiqueta (id, nombre) VALUES (3, 'oferta');

INSERT INTO public.app_jornada (id, nombre) VALUES (1, 'fulltime');
INSERT INTO public.app_jornada (id, nombre) VALUES (2, 'parttime');

INSERT INTO public.app_rol (id, nombre) VALUES (1, 'administrador');
INSERT INTO public.app_rol (id, nombre) VALUES (2, 'publicador');
INSERT INTO public.app_rol (id, nombre) VALUES (4, 'moderador');
INSERT INTO public.app_rol (id, nombre) VALUES (3, 'validador');
INSERT INTO public.app_rol (id, nombre) VALUES (5, 'normal');
INSERT INTO public.app_rol (id, nombre) VALUES (6, 'pendiente');

INSERT INTO public.app_region (id, nombre) VALUES (1, 'Región de Tarapaca');
INSERT INTO public.app_region (id, nombre) VALUES (2, 'Región de Antofagasta');
INSERT INTO public.app_region (id, nombre) VALUES (3, 'Región de Atacama');
INSERT INTO public.app_region (id, nombre) VALUES (4, 'Región de Coquimbo');
INSERT INTO public.app_region (id, nombre) VALUES (5, 'Región de Valparaíso');
INSERT INTO public.app_region (id, nombre) VALUES (6, 'Región del Libertador Bernardo Ohiggins');
INSERT INTO public.app_region (id, nombre) VALUES (7, 'Región del Maule');
INSERT INTO public.app_region (id, nombre) VALUES (8, 'Región del Bío-Bío');
INSERT INTO public.app_region (id, nombre) VALUES (9, 'Región de la Araucanía');
INSERT INTO public.app_region (id, nombre) VALUES (10, 'Región de los Lagos');
INSERT INTO public.app_region (id, nombre) VALUES (11, 'Región Aisén del General Carlos Ibáñez del Campo');
INSERT INTO public.app_region (id, nombre) VALUES (12, 'Región de Magallanes y la Antártica Chilena');
INSERT INTO public.app_region (id, nombre) VALUES (13, 'Región Metropolitana de Santiago');
INSERT INTO public.app_region (id, nombre) VALUES (14, 'Región de los Rios');
INSERT INTO public.app_region (id, nombre) VALUES (15, 'Región Arica y Parinacota');

INSERT INTO public.app_comuna (id, nombre, region_id) VALUES (10101, 'Gral. Lagos', 15);
INSERT INTO public.app_comuna (id, nombre, region_id) VALUES (10102, 'Putre', 15);
INSERT INTO public.app_comuna (id, nombre, region_id) VALUES (10201, 'Arica', 15);
INSERT INTO public.app_comuna (id, nombre, region_id) VALUES (10202, 'Camarones', 15);
INSERT INTO public.app_comuna (id, nombre, region_id) VALUES (10301, 'Camiña', 1);
INSERT INTO public.app_comuna (id, nombre, region_id) VALUES (10302, 'Huara', 1);
INSERT INTO public.app_comuna (id, nombre, region_id) VALUES (10303, 'Pozo Almonte', 1);
INSERT INTO public.app_comuna (id, nombre, region_id) VALUES (10304, 'Iquique', 1);
INSERT INTO public.app_comuna (id, nombre, region_id) VALUES (10305, 'Pica', 1);
INSERT INTO public.app_comuna (id, nombre, region_id) VALUES (10306, 'Colchane', 1);
INSERT INTO public.app_comuna (id, nombre, region_id) VALUES (10307, 'Alto Hospicio', 1);
INSERT INTO public.app_comuna (id, nombre, region_id) VALUES (20101, 'Tocopilla', 2);
INSERT INTO public.app_comuna (id, nombre, region_id) VALUES (20102, 'Maria Elena', 2);
INSERT INTO public.app_comuna (id, nombre, region_id) VALUES (20201, 'Ollague', 2);
INSERT INTO public.app_comuna (id, nombre, region_id) VALUES (20202, 'Calama', 2);
INSERT INTO public.app_comuna (id, nombre, region_id) VALUES (20203, 'San Pedro Atacama', 2);
INSERT INTO public.app_comuna (id, nombre, region_id) VALUES (20301, 'Sierra Gorda', 2);
INSERT INTO public.app_comuna (id, nombre, region_id) VALUES (20302, 'Mejillones', 2);
INSERT INTO public.app_comuna (id, nombre, region_id) VALUES (20303, 'Antofagasta', 2);
INSERT INTO public.app_comuna (id, nombre, region_id) VALUES (20304, 'Taltal', 2);
INSERT INTO public.app_comuna (id, nombre, region_id) VALUES (30101, 'Diego de Almagro', 3);
INSERT INTO public.app_comuna (id, nombre, region_id) VALUES (30102, 'Chañaral', 3);
INSERT INTO public.app_comuna (id, nombre, region_id) VALUES (30201, 'Caldera', 3);
INSERT INTO public.app_comuna (id, nombre, region_id) VALUES (30202, 'Copiapo', 3);
INSERT INTO public.app_comuna (id, nombre, region_id) VALUES (30203, 'Tierra Amarilla', 3);
INSERT INTO public.app_comuna (id, nombre, region_id) VALUES (30301, 'Huasco', 3);
INSERT INTO public.app_comuna (id, nombre, region_id) VALUES (30302, 'Freirina', 3);
INSERT INTO public.app_comuna (id, nombre, region_id) VALUES (30303, 'Vallenar', 3);
INSERT INTO public.app_comuna (id, nombre, region_id) VALUES (30304, 'Alto del Carmen', 3);
INSERT INTO public.app_comuna (id, nombre, region_id) VALUES (40101, 'La Higuera', 4);
INSERT INTO public.app_comuna (id, nombre, region_id) VALUES (40102, 'La Serena', 4);
INSERT INTO public.app_comuna (id, nombre, region_id) VALUES (40103, 'Vicuña', 4);
INSERT INTO public.app_comuna (id, nombre, region_id) VALUES (40104, 'Paihuano', 4);
INSERT INTO public.app_comuna (id, nombre, region_id) VALUES (40105, 'Coquimbo', 4);
INSERT INTO public.app_comuna (id, nombre, region_id) VALUES (40106, 'Andacollo', 4);
INSERT INTO public.app_comuna (id, nombre, region_id) VALUES (40201, 'Rio Hurtado', 4);
INSERT INTO public.app_comuna (id, nombre, region_id) VALUES (40202, 'Ovalle', 4);
INSERT INTO public.app_comuna (id, nombre, region_id) VALUES (40203, 'Monte Patria', 4);
INSERT INTO public.app_comuna (id, nombre, region_id) VALUES (40204, 'Punitaqui', 4);
INSERT INTO public.app_comuna (id, nombre, region_id) VALUES (40205, 'Combarbala', 4);
INSERT INTO public.app_comuna (id, nombre, region_id) VALUES (40301, 'Mincha', 4);
INSERT INTO public.app_comuna (id, nombre, region_id) VALUES (40302, 'Illapel', 4);
INSERT INTO public.app_comuna (id, nombre, region_id) VALUES (40303, 'Salamanca', 4);
INSERT INTO public.app_comuna (id, nombre, region_id) VALUES (40304, 'Los Vilos', 4);
INSERT INTO public.app_comuna (id, nombre, region_id) VALUES (50101, 'Petorca', 5);
INSERT INTO public.app_comuna (id, nombre, region_id) VALUES (50102, 'Cabildo', 5);
INSERT INTO public.app_comuna (id, nombre, region_id) VALUES (50103, 'Papudo', 5);
INSERT INTO public.app_comuna (id, nombre, region_id) VALUES (50104, 'La Ligua', 5);
INSERT INTO public.app_comuna (id, nombre, region_id) VALUES (50105, 'Zapallar', 5);
INSERT INTO public.app_comuna (id, nombre, region_id) VALUES (50201, 'Putaendo', 5);
INSERT INTO public.app_comuna (id, nombre, region_id) VALUES (50202, 'Santa Maria', 5);
INSERT INTO public.app_comuna (id, nombre, region_id) VALUES (50203, 'San Felipe', 5);
INSERT INTO public.app_comuna (id, nombre, region_id) VALUES (50204, 'Pencahue', 5);
INSERT INTO public.app_comuna (id, nombre, region_id) VALUES (50205, 'Catemu', 5);
INSERT INTO public.app_comuna (id, nombre, region_id) VALUES (50206, 'Llay Llay', 5);
INSERT INTO public.app_comuna (id, nombre, region_id) VALUES (50301, 'Nogales', 5);
INSERT INTO public.app_comuna (id, nombre, region_id) VALUES (50302, 'La Calera', 5);
INSERT INTO public.app_comuna (id, nombre, region_id) VALUES (50303, 'Hijuelas', 5);
INSERT INTO public.app_comuna (id, nombre, region_id) VALUES (50304, 'La Cruz', 5);
INSERT INTO public.app_comuna (id, nombre, region_id) VALUES (50305, 'Quillota', 5);
INSERT INTO public.app_comuna (id, nombre, region_id) VALUES (50306, 'Olmue', 5);
INSERT INTO public.app_comuna (id, nombre, region_id) VALUES (50307, 'Limache', 5);
INSERT INTO public.app_comuna (id, nombre, region_id) VALUES (50401, 'Los Andes', 5);
INSERT INTO public.app_comuna (id, nombre, region_id) VALUES (50402, 'Rinconada', 5);
INSERT INTO public.app_comuna (id, nombre, region_id) VALUES (50403, 'Calle Larga', 5);
INSERT INTO public.app_comuna (id, nombre, region_id) VALUES (50404, 'San Esteban', 5);
INSERT INTO public.app_comuna (id, nombre, region_id) VALUES (50501, 'Puchuncavi', 5);
INSERT INTO public.app_comuna (id, nombre, region_id) VALUES (50502, 'Quintero', 5);
INSERT INTO public.app_comuna (id, nombre, region_id) VALUES (50503, 'Viña del Mar', 5);
INSERT INTO public.app_comuna (id, nombre, region_id) VALUES (50504, 'Villa Alemana', 5);
INSERT INTO public.app_comuna (id, nombre, region_id) VALUES (50505, 'Quilpue', 5);
INSERT INTO public.app_comuna (id, nombre, region_id) VALUES (50506, 'Valparaiso', 5);
INSERT INTO public.app_comuna (id, nombre, region_id) VALUES (50507, 'Juan Fernandez', 5);
INSERT INTO public.app_comuna (id, nombre, region_id) VALUES (50508, 'Casablanca', 5);
INSERT INTO public.app_comuna (id, nombre, region_id) VALUES (50509, 'Concon', 5);
INSERT INTO public.app_comuna (id, nombre, region_id) VALUES (50601, 'Isla de Pascua', 5);
INSERT INTO public.app_comuna (id, nombre, region_id) VALUES (50701, 'Algarrobo', 5);
INSERT INTO public.app_comuna (id, nombre, region_id) VALUES (50702, 'El Quisco', 5);
INSERT INTO public.app_comuna (id, nombre, region_id) VALUES (50703, 'El Tabo', 5);
INSERT INTO public.app_comuna (id, nombre, region_id) VALUES (50704, 'Cartagena', 5);
INSERT INTO public.app_comuna (id, nombre, region_id) VALUES (50705, 'San Antonio', 5);
INSERT INTO public.app_comuna (id, nombre, region_id) VALUES (50706, 'Santo Domingo', 5);
INSERT INTO public.app_comuna (id, nombre, region_id) VALUES (60101, 'Mostazal', 6);
INSERT INTO public.app_comuna (id, nombre, region_id) VALUES (60102, 'Codegua', 6);
INSERT INTO public.app_comuna (id, nombre, region_id) VALUES (60103, 'Graneros', 6);
INSERT INTO public.app_comuna (id, nombre, region_id) VALUES (60104, 'Machali', 6);
INSERT INTO public.app_comuna (id, nombre, region_id) VALUES (60105, 'Rancagua', 6);
INSERT INTO public.app_comuna (id, nombre, region_id) VALUES (60106, 'Olivar', 6);
INSERT INTO public.app_comuna (id, nombre, region_id) VALUES (60107, 'Doñihue', 6);
INSERT INTO public.app_comuna (id, nombre, region_id) VALUES (60108, 'Requinoa', 6);
INSERT INTO public.app_comuna (id, nombre, region_id) VALUES (60109, 'Coinco', 6);
INSERT INTO public.app_comuna (id, nombre, region_id) VALUES (60110, 'Coltauco', 6);
INSERT INTO public.app_comuna (id, nombre, region_id) VALUES (60111, 'Quinta Tilcoco', 6);
INSERT INTO public.app_comuna (id, nombre, region_id) VALUES (60112, 'Las Cabras', 6);
INSERT INTO public.app_comuna (id, nombre, region_id) VALUES (60113, 'Rengo', 6);
INSERT INTO public.app_comuna (id, nombre, region_id) VALUES (60114, 'Peumo', 6);
INSERT INTO public.app_comuna (id, nombre, region_id) VALUES (60115, 'Pichidegua', 6);
INSERT INTO public.app_comuna (id, nombre, region_id) VALUES (60116, 'Malloa', 6);
INSERT INTO public.app_comuna (id, nombre, region_id) VALUES (60117, 'San Vicente', 6);
INSERT INTO public.app_comuna (id, nombre, region_id) VALUES (60201, 'Navidad', 6);
INSERT INTO public.app_comuna (id, nombre, region_id) VALUES (60202, 'La Estrella', 6);
INSERT INTO public.app_comuna (id, nombre, region_id) VALUES (60203, 'Marchigue', 6);
INSERT INTO public.app_comuna (id, nombre, region_id) VALUES (60204, 'Pichilemu', 6);
INSERT INTO public.app_comuna (id, nombre, region_id) VALUES (60205, 'Litueche', 6);
INSERT INTO public.app_comuna (id, nombre, region_id) VALUES (60206, 'Paredones', 6);
INSERT INTO public.app_comuna (id, nombre, region_id) VALUES (60301, 'San Fernando', 6);
INSERT INTO public.app_comuna (id, nombre, region_id) VALUES (60302, 'Peralillo', 6);
INSERT INTO public.app_comuna (id, nombre, region_id) VALUES (60303, 'Placilla', 6);
INSERT INTO public.app_comuna (id, nombre, region_id) VALUES (60304, 'Chimbarongo', 6);
INSERT INTO public.app_comuna (id, nombre, region_id) VALUES (60305, 'Palmilla', 6);
INSERT INTO public.app_comuna (id, nombre, region_id) VALUES (60306, 'Nancagua', 6);
INSERT INTO public.app_comuna (id, nombre, region_id) VALUES (60307, 'Santa Cruz', 6);
INSERT INTO public.app_comuna (id, nombre, region_id) VALUES (60308, 'Pumanque', 6);
INSERT INTO public.app_comuna (id, nombre, region_id) VALUES (60309, 'Chepica', 6);
INSERT INTO public.app_comuna (id, nombre, region_id) VALUES (60310, 'Lolol', 6);
INSERT INTO public.app_comuna (id, nombre, region_id) VALUES (70101, 'Teno', 7);
INSERT INTO public.app_comuna (id, nombre, region_id) VALUES (70102, 'Romeral', 7);
INSERT INTO public.app_comuna (id, nombre, region_id) VALUES (70103, 'Rauco', 7);
INSERT INTO public.app_comuna (id, nombre, region_id) VALUES (70104, 'Curico', 7);
INSERT INTO public.app_comuna (id, nombre, region_id) VALUES (70105, 'Sagrada Familia', 7);
INSERT INTO public.app_comuna (id, nombre, region_id) VALUES (70106, 'Hualañe', 7);
INSERT INTO public.app_comuna (id, nombre, region_id) VALUES (70107, 'Vichuquen', 7);
INSERT INTO public.app_comuna (id, nombre, region_id) VALUES (70108, 'Molina', 7);
INSERT INTO public.app_comuna (id, nombre, region_id) VALUES (70109, 'Licanten', 7);
INSERT INTO public.app_comuna (id, nombre, region_id) VALUES (70201, 'Rio Claro', 7);
INSERT INTO public.app_comuna (id, nombre, region_id) VALUES (70202, 'Curepto', 7);
INSERT INTO public.app_comuna (id, nombre, region_id) VALUES (70203, 'Pelarco', 7);
INSERT INTO public.app_comuna (id, nombre, region_id) VALUES (70204, 'Talca', 7);
INSERT INTO public.app_comuna (id, nombre, region_id) VALUES (70205, 'Pencahue', 7);
INSERT INTO public.app_comuna (id, nombre, region_id) VALUES (70206, 'San Clemente', 7);
INSERT INTO public.app_comuna (id, nombre, region_id) VALUES (70207, 'Constitucion', 7);
INSERT INTO public.app_comuna (id, nombre, region_id) VALUES (70208, 'Maule', 7);
INSERT INTO public.app_comuna (id, nombre, region_id) VALUES (70209, 'Empedrado', 7);
INSERT INTO public.app_comuna (id, nombre, region_id) VALUES (70210, 'San Rafael', 7);
INSERT INTO public.app_comuna (id, nombre, region_id) VALUES (70301, 'San Javier', 7);
INSERT INTO public.app_comuna (id, nombre, region_id) VALUES (70302, 'Colbun', 7);
INSERT INTO public.app_comuna (id, nombre, region_id) VALUES (70303, 'Villa Alegre', 7);
INSERT INTO public.app_comuna (id, nombre, region_id) VALUES (70304, 'Yerbas Buenas', 7);
INSERT INTO public.app_comuna (id, nombre, region_id) VALUES (70305, 'Linares', 7);
INSERT INTO public.app_comuna (id, nombre, region_id) VALUES (70306, 'Longavi', 7);
INSERT INTO public.app_comuna (id, nombre, region_id) VALUES (70307, 'Retiro', 7);
INSERT INTO public.app_comuna (id, nombre, region_id) VALUES (70308, 'Parral', 7);
INSERT INTO public.app_comuna (id, nombre, region_id) VALUES (70401, 'Chanco', 7);
INSERT INTO public.app_comuna (id, nombre, region_id) VALUES (70402, 'Pelluhue', 7);
INSERT INTO public.app_comuna (id, nombre, region_id) VALUES (70403, 'Cauquenes', 7);
INSERT INTO public.app_comuna (id, nombre, region_id) VALUES (80101, 'Cobquecura', 8);
INSERT INTO public.app_comuna (id, nombre, region_id) VALUES (80102, 'Ñiquen', 8);
INSERT INTO public.app_comuna (id, nombre, region_id) VALUES (80103, 'San Fabian', 8);
INSERT INTO public.app_comuna (id, nombre, region_id) VALUES (80104, 'San Carlos', 8);
INSERT INTO public.app_comuna (id, nombre, region_id) VALUES (80105, 'Quirihue', 8);
INSERT INTO public.app_comuna (id, nombre, region_id) VALUES (80106, 'Ninhue', 8);
INSERT INTO public.app_comuna (id, nombre, region_id) VALUES (80107, 'Trehuaco', 8);
INSERT INTO public.app_comuna (id, nombre, region_id) VALUES (80108, 'San Nicolas', 8);
INSERT INTO public.app_comuna (id, nombre, region_id) VALUES (80109, 'Coihueco', 8);
INSERT INTO public.app_comuna (id, nombre, region_id) VALUES (80110, 'Chillan', 8);
INSERT INTO public.app_comuna (id, nombre, region_id) VALUES (80111, 'Portezuelo', 8);
INSERT INTO public.app_comuna (id, nombre, region_id) VALUES (80112, 'Pinto', 8);
INSERT INTO public.app_comuna (id, nombre, region_id) VALUES (80113, 'Coelemu', 8);
INSERT INTO public.app_comuna (id, nombre, region_id) VALUES (80114, 'Bulnes', 8);
INSERT INTO public.app_comuna (id, nombre, region_id) VALUES (80115, 'San Ignacio', 8);
INSERT INTO public.app_comuna (id, nombre, region_id) VALUES (80116, 'Ranquil', 8);
INSERT INTO public.app_comuna (id, nombre, region_id) VALUES (80117, 'Quillon', 8);
INSERT INTO public.app_comuna (id, nombre, region_id) VALUES (80118, 'El Carmen', 8);
INSERT INTO public.app_comuna (id, nombre, region_id) VALUES (80119, 'Pemuco', 8);
INSERT INTO public.app_comuna (id, nombre, region_id) VALUES (80120, 'Yungay', 8);
INSERT INTO public.app_comuna (id, nombre, region_id) VALUES (80121, 'Chillan Viejo', 8);
INSERT INTO public.app_comuna (id, nombre, region_id) VALUES (80201, 'Tome', 8);
INSERT INTO public.app_comuna (id, nombre, region_id) VALUES (80202, 'Florida', 8);
INSERT INTO public.app_comuna (id, nombre, region_id) VALUES (80203, 'Penco', 8);
INSERT INTO public.app_comuna (id, nombre, region_id) VALUES (80204, 'Talcahuano', 8);
INSERT INTO public.app_comuna (id, nombre, region_id) VALUES (80205, 'Concepcion', 8);
INSERT INTO public.app_comuna (id, nombre, region_id) VALUES (80206, 'Hualqui', 8);
INSERT INTO public.app_comuna (id, nombre, region_id) VALUES (80207, 'Coronel', 8);
INSERT INTO public.app_comuna (id, nombre, region_id) VALUES (80208, 'Lota', 8);
INSERT INTO public.app_comuna (id, nombre, region_id) VALUES (80209, 'Santa Juana', 8);
INSERT INTO public.app_comuna (id, nombre, region_id) VALUES (80210, 'Chiguayante', 8);
INSERT INTO public.app_comuna (id, nombre, region_id) VALUES (80211, 'San Pedro de la Paz', 8);
INSERT INTO public.app_comuna (id, nombre, region_id) VALUES (80212, 'Hualpen', 8);
INSERT INTO public.app_comuna (id, nombre, region_id) VALUES (80301, 'Cabrero', 8);
INSERT INTO public.app_comuna (id, nombre, region_id) VALUES (80302, 'Yumbel', 8);
INSERT INTO public.app_comuna (id, nombre, region_id) VALUES (80303, 'Tucapel', 8);
INSERT INTO public.app_comuna (id, nombre, region_id) VALUES (80304, 'Antuco', 8);
INSERT INTO public.app_comuna (id, nombre, region_id) VALUES (80305, 'San Rosendo', 8);
INSERT INTO public.app_comuna (id, nombre, region_id) VALUES (80306, 'Laja', 8);
INSERT INTO public.app_comuna (id, nombre, region_id) VALUES (80307, 'Quilleco', 8);
INSERT INTO public.app_comuna (id, nombre, region_id) VALUES (80308, 'Los Angeles', 8);
INSERT INTO public.app_comuna (id, nombre, region_id) VALUES (80309, 'Nacimiento', 8);
INSERT INTO public.app_comuna (id, nombre, region_id) VALUES (80310, 'Negrete', 8);
INSERT INTO public.app_comuna (id, nombre, region_id) VALUES (80311, 'Santa Barbara', 8);
INSERT INTO public.app_comuna (id, nombre, region_id) VALUES (80312, 'Quilaco', 8);
INSERT INTO public.app_comuna (id, nombre, region_id) VALUES (80313, 'Mulchen', 8);
INSERT INTO public.app_comuna (id, nombre, region_id) VALUES (80314, 'Alto Bio Bio', 8);
INSERT INTO public.app_comuna (id, nombre, region_id) VALUES (80401, 'Arauco', 8);
INSERT INTO public.app_comuna (id, nombre, region_id) VALUES (80402, 'Curanilahue', 8);
INSERT INTO public.app_comuna (id, nombre, region_id) VALUES (80403, 'Los Alamos', 8);
INSERT INTO public.app_comuna (id, nombre, region_id) VALUES (80404, 'Lebu', 8);
INSERT INTO public.app_comuna (id, nombre, region_id) VALUES (80405, 'Cañete', 8);
INSERT INTO public.app_comuna (id, nombre, region_id) VALUES (80406, 'Contulmo', 8);
INSERT INTO public.app_comuna (id, nombre, region_id) VALUES (80407, 'Tirua', 8);
INSERT INTO public.app_comuna (id, nombre, region_id) VALUES (90101, 'Renaico', 9);
INSERT INTO public.app_comuna (id, nombre, region_id) VALUES (90102, 'Angol', 9);
INSERT INTO public.app_comuna (id, nombre, region_id) VALUES (90103, 'Collipulli', 9);
INSERT INTO public.app_comuna (id, nombre, region_id) VALUES (90104, 'Los Sauces', 9);
INSERT INTO public.app_comuna (id, nombre, region_id) VALUES (90105, 'Puren', 9);
INSERT INTO public.app_comuna (id, nombre, region_id) VALUES (90106, 'Ercilla', 9);
INSERT INTO public.app_comuna (id, nombre, region_id) VALUES (90107, 'Lumaco', 9);
INSERT INTO public.app_comuna (id, nombre, region_id) VALUES (90108, 'Victoria', 9);
INSERT INTO public.app_comuna (id, nombre, region_id) VALUES (90109, 'Traiguen', 9);
INSERT INTO public.app_comuna (id, nombre, region_id) VALUES (90110, 'Curacautin', 9);
INSERT INTO public.app_comuna (id, nombre, region_id) VALUES (90111, 'Lonquimay', 9);
INSERT INTO public.app_comuna (id, nombre, region_id) VALUES (90201, 'Perquenco', 9);
INSERT INTO public.app_comuna (id, nombre, region_id) VALUES (90202, 'Galvarino', 9);
INSERT INTO public.app_comuna (id, nombre, region_id) VALUES (90203, 'Lautaro', 9);
INSERT INTO public.app_comuna (id, nombre, region_id) VALUES (90204, 'Vilcun', 9);
INSERT INTO public.app_comuna (id, nombre, region_id) VALUES (90205, 'Temuco', 9);
INSERT INTO public.app_comuna (id, nombre, region_id) VALUES (90206, 'Carahue', 9);
INSERT INTO public.app_comuna (id, nombre, region_id) VALUES (90207, 'Melipeuco', 9);
INSERT INTO public.app_comuna (id, nombre, region_id) VALUES (90208, 'Nueva Imperial', 9);
INSERT INTO public.app_comuna (id, nombre, region_id) VALUES (90209, 'Puerto Saavedra', 9);
INSERT INTO public.app_comuna (id, nombre, region_id) VALUES (90210, 'Cunco', 9);
INSERT INTO public.app_comuna (id, nombre, region_id) VALUES (90211, 'Freire', 9);
INSERT INTO public.app_comuna (id, nombre, region_id) VALUES (90212, 'Pitrufquen', 9);
INSERT INTO public.app_comuna (id, nombre, region_id) VALUES (90213, 'Teodoro Schmidt', 9);
INSERT INTO public.app_comuna (id, nombre, region_id) VALUES (90214, 'Gorbea', 9);
INSERT INTO public.app_comuna (id, nombre, region_id) VALUES (90215, 'Pucon', 9);
INSERT INTO public.app_comuna (id, nombre, region_id) VALUES (90216, 'Villarrica', 9);
INSERT INTO public.app_comuna (id, nombre, region_id) VALUES (90217, 'Tolten', 9);
INSERT INTO public.app_comuna (id, nombre, region_id) VALUES (90218, 'Curarrehue', 9);
INSERT INTO public.app_comuna (id, nombre, region_id) VALUES (90219, 'Loncoche', 9);
INSERT INTO public.app_comuna (id, nombre, region_id) VALUES (90220, 'Padre Las Casas', 9);
INSERT INTO public.app_comuna (id, nombre, region_id) VALUES (90221, 'Cholchol', 9);
INSERT INTO public.app_comuna (id, nombre, region_id) VALUES (100101, 'Lanco', 14);
INSERT INTO public.app_comuna (id, nombre, region_id) VALUES (100102, 'Mariquina', 14);
INSERT INTO public.app_comuna (id, nombre, region_id) VALUES (100103, 'Panguipulli', 14);
INSERT INTO public.app_comuna (id, nombre, region_id) VALUES (100104, 'Mafil', 14);
INSERT INTO public.app_comuna (id, nombre, region_id) VALUES (100105, 'Valdivia', 14);
INSERT INTO public.app_comuna (id, nombre, region_id) VALUES (100106, 'Los Lagos', 14);
INSERT INTO public.app_comuna (id, nombre, region_id) VALUES (100107, 'Corral', 14);
INSERT INTO public.app_comuna (id, nombre, region_id) VALUES (100108, 'Paillaco', 14);
INSERT INTO public.app_comuna (id, nombre, region_id) VALUES (100109, 'Futrono', 14);
INSERT INTO public.app_comuna (id, nombre, region_id) VALUES (100110, 'Lago Ranco', 14);
INSERT INTO public.app_comuna (id, nombre, region_id) VALUES (100111, 'La Union', 14);
INSERT INTO public.app_comuna (id, nombre, region_id) VALUES (100112, 'Rio Bueno', 14);
INSERT INTO public.app_comuna (id, nombre, region_id) VALUES (100201, 'San Pablo', 10);
INSERT INTO public.app_comuna (id, nombre, region_id) VALUES (100202, 'San Juan', 10);
INSERT INTO public.app_comuna (id, nombre, region_id) VALUES (100203, 'Osorno', 10);
INSERT INTO public.app_comuna (id, nombre, region_id) VALUES (100204, 'Puyehue', 10);
INSERT INTO public.app_comuna (id, nombre, region_id) VALUES (100205, 'Rio Negro', 10);
INSERT INTO public.app_comuna (id, nombre, region_id) VALUES (100206, 'Purranque', 10);
INSERT INTO public.app_comuna (id, nombre, region_id) VALUES (100207, 'Puerto Octay', 10);
INSERT INTO public.app_comuna (id, nombre, region_id) VALUES (100301, 'Frutillar', 10);
INSERT INTO public.app_comuna (id, nombre, region_id) VALUES (100302, 'Fresia', 10);
INSERT INTO public.app_comuna (id, nombre, region_id) VALUES (100303, 'Llanquihue', 10);
INSERT INTO public.app_comuna (id, nombre, region_id) VALUES (100304, 'Puerto Varas', 10);
INSERT INTO public.app_comuna (id, nombre, region_id) VALUES (100305, 'Los Muermos', 10);
INSERT INTO public.app_comuna (id, nombre, region_id) VALUES (100306, 'Puerto Montt', 10);
INSERT INTO public.app_comuna (id, nombre, region_id) VALUES (100307, 'Maullin', 10);
INSERT INTO public.app_comuna (id, nombre, region_id) VALUES (100308, 'Calbuco', 10);
INSERT INTO public.app_comuna (id, nombre, region_id) VALUES (100309, 'Cochamo', 10);
INSERT INTO public.app_comuna (id, nombre, region_id) VALUES (100401, 'Ancud', 10);
INSERT INTO public.app_comuna (id, nombre, region_id) VALUES (100402, 'Quemchi', 10);
INSERT INTO public.app_comuna (id, nombre, region_id) VALUES (100403, 'Dalcahue', 10);
INSERT INTO public.app_comuna (id, nombre, region_id) VALUES (100404, 'Curaco de Velez', 10);
INSERT INTO public.app_comuna (id, nombre, region_id) VALUES (100405, 'Castro', 10);
INSERT INTO public.app_comuna (id, nombre, region_id) VALUES (100406, 'Chonchi', 10);
INSERT INTO public.app_comuna (id, nombre, region_id) VALUES (100407, 'Queilen', 10);
INSERT INTO public.app_comuna (id, nombre, region_id) VALUES (100408, 'Quellon', 10);
INSERT INTO public.app_comuna (id, nombre, region_id) VALUES (100409, 'Quinchao', 10);
INSERT INTO public.app_comuna (id, nombre, region_id) VALUES (100410, 'Puqueldon', 10);
INSERT INTO public.app_comuna (id, nombre, region_id) VALUES (100501, 'Chaiten', 10);
INSERT INTO public.app_comuna (id, nombre, region_id) VALUES (100502, 'Futaleufu', 10);
INSERT INTO public.app_comuna (id, nombre, region_id) VALUES (100503, 'Palena', 10);
INSERT INTO public.app_comuna (id, nombre, region_id) VALUES (100504, 'Hualaihue', 10);
INSERT INTO public.app_comuna (id, nombre, region_id) VALUES (110101, 'Guaitecas', 11);
INSERT INTO public.app_comuna (id, nombre, region_id) VALUES (110102, 'Cisnes', 11);
INSERT INTO public.app_comuna (id, nombre, region_id) VALUES (110103, 'Aysen', 11);
INSERT INTO public.app_comuna (id, nombre, region_id) VALUES (110201, 'Coyhaique', 11);
INSERT INTO public.app_comuna (id, nombre, region_id) VALUES (110202, 'Lago Verde', 11);
INSERT INTO public.app_comuna (id, nombre, region_id) VALUES (110301, 'Rio Iba?ez', 11);
INSERT INTO public.app_comuna (id, nombre, region_id) VALUES (110302, 'Chile Chico', 11);
INSERT INTO public.app_comuna (id, nombre, region_id) VALUES (110401, 'Cochrane', 11);
INSERT INTO public.app_comuna (id, nombre, region_id) VALUES (110402, 'Tortel', 11);
INSERT INTO public.app_comuna (id, nombre, region_id) VALUES (110403, 'OHigins', 11);
INSERT INTO public.app_comuna (id, nombre, region_id) VALUES (120101, 'Torres del Paine', 12);
INSERT INTO public.app_comuna (id, nombre, region_id) VALUES (120102, 'Puerto Natales', 12);
INSERT INTO public.app_comuna (id, nombre, region_id) VALUES (120201, 'Laguna Blanca', 12);
INSERT INTO public.app_comuna (id, nombre, region_id) VALUES (120202, 'San Gregorio', 12);
INSERT INTO public.app_comuna (id, nombre, region_id) VALUES (120203, 'Rio Verde', 12);
INSERT INTO public.app_comuna (id, nombre, region_id) VALUES (120204, 'Punta Arenas', 12);
INSERT INTO public.app_comuna (id, nombre, region_id) VALUES (120301, 'Porvenir', 12);
INSERT INTO public.app_comuna (id, nombre, region_id) VALUES (120302, 'Primavera', 12);
INSERT INTO public.app_comuna (id, nombre, region_id) VALUES (120303, 'Timaukel', 12);
INSERT INTO public.app_comuna (id, nombre, region_id) VALUES (120401, 'Antartica', 12);
INSERT INTO public.app_comuna (id, nombre, region_id) VALUES (130101, 'Tiltil', 13);
INSERT INTO public.app_comuna (id, nombre, region_id) VALUES (130102, 'Colina', 13);
INSERT INTO public.app_comuna (id, nombre, region_id) VALUES (130103, 'Lampa', 13);
INSERT INTO public.app_comuna (id, nombre, region_id) VALUES (130201, 'Conchali', 13);
INSERT INTO public.app_comuna (id, nombre, region_id) VALUES (130202, 'Quilicura', 13);
INSERT INTO public.app_comuna (id, nombre, region_id) VALUES (130203, 'Renca', 13);
INSERT INTO public.app_comuna (id, nombre, region_id) VALUES (130204, 'Las Condes', 13);
INSERT INTO public.app_comuna (id, nombre, region_id) VALUES (130205, 'Pudahuel', 13);
INSERT INTO public.app_comuna (id, nombre, region_id) VALUES (130206, 'Quinta Normal', 13);
INSERT INTO public.app_comuna (id, nombre, region_id) VALUES (130207, 'Providencia', 13);
INSERT INTO public.app_comuna (id, nombre, region_id) VALUES (130208, 'Santiago', 13);
INSERT INTO public.app_comuna (id, nombre, region_id) VALUES (130209, 'La Reina', 13);
INSERT INTO public.app_comuna (id, nombre, region_id) VALUES (130210, 'Ñuñoa', 13);
INSERT INTO public.app_comuna (id, nombre, region_id) VALUES (130211, 'San Miguel', 13);
INSERT INTO public.app_comuna (id, nombre, region_id) VALUES (130212, 'Maipu', 13);
INSERT INTO public.app_comuna (id, nombre, region_id) VALUES (130213, 'La Cisterna', 13);
INSERT INTO public.app_comuna (id, nombre, region_id) VALUES (130214, 'La Florida', 13);
INSERT INTO public.app_comuna (id, nombre, region_id) VALUES (130215, 'La Granja', 13);
INSERT INTO public.app_comuna (id, nombre, region_id) VALUES (130216, 'Independencia', 13);
INSERT INTO public.app_comuna (id, nombre, region_id) VALUES (130217, 'Huechuraba', 13);
INSERT INTO public.app_comuna (id, nombre, region_id) VALUES (130218, 'Recoleta', 13);
INSERT INTO public.app_comuna (id, nombre, region_id) VALUES (130219, 'Vitacura', 13);
INSERT INTO public.app_comuna (id, nombre, region_id) VALUES (130220, 'Lo Barrenechea', 13);
INSERT INTO public.app_comuna (id, nombre, region_id) VALUES (130221, 'Macul', 13);
INSERT INTO public.app_comuna (id, nombre, region_id) VALUES (130222, 'Peñalolen', 13);
INSERT INTO public.app_comuna (id, nombre, region_id) VALUES (130223, 'San Joaquin', 13);
INSERT INTO public.app_comuna (id, nombre, region_id) VALUES (130224, 'La Pintana', 13);
INSERT INTO public.app_comuna (id, nombre, region_id) VALUES (130225, 'San Ramon', 13);
INSERT INTO public.app_comuna (id, nombre, region_id) VALUES (130226, 'El Bosque', 13);
INSERT INTO public.app_comuna (id, nombre, region_id) VALUES (130227, 'Pedro Aguirre Cerda', 13);
INSERT INTO public.app_comuna (id, nombre, region_id) VALUES (130228, 'Lo Espejo', 13);
INSERT INTO public.app_comuna (id, nombre, region_id) VALUES (130229, 'Estacion Central', 13);
INSERT INTO public.app_comuna (id, nombre, region_id) VALUES (130230, 'Cerrillos', 13);
INSERT INTO public.app_comuna (id, nombre, region_id) VALUES (130231, 'Lo Prado', 13);
INSERT INTO public.app_comuna (id, nombre, region_id) VALUES (130232, 'Cerro Navia', 13);
INSERT INTO public.app_comuna (id, nombre, region_id) VALUES (130301, 'San Jose de Maipo', 13);
INSERT INTO public.app_comuna (id, nombre, region_id) VALUES (130302, 'Puente Alto', 13);
INSERT INTO public.app_comuna (id, nombre, region_id) VALUES (130303, 'Pirque', 13);
INSERT INTO public.app_comuna (id, nombre, region_id) VALUES (130401, 'San Bernardo', 13);
INSERT INTO public.app_comuna (id, nombre, region_id) VALUES (130402, 'Calera de Tango', 13);
INSERT INTO public.app_comuna (id, nombre, region_id) VALUES (130403, 'Buin', 13);
INSERT INTO public.app_comuna (id, nombre, region_id) VALUES (130404, 'Paine', 13);
INSERT INTO public.app_comuna (id, nombre, region_id) VALUES (130501, 'Peñaflor', 13);
INSERT INTO public.app_comuna (id, nombre, region_id) VALUES (130502, 'Talagante', 13);
INSERT INTO public.app_comuna (id, nombre, region_id) VALUES (130503, 'El Monte', 13);
INSERT INTO public.app_comuna (id, nombre, region_id) VALUES (130504, 'Isla de Maipo', 13);
INSERT INTO public.app_comuna (id, nombre, region_id) VALUES (130601, 'Curacavi', 13);
INSERT INTO public.app_comuna (id, nombre, region_id) VALUES (130602, 'Maria Pinto', 13);
INSERT INTO public.app_comuna (id, nombre, region_id) VALUES (130603, 'Melipilla', 13);
INSERT INTO public.app_comuna (id, nombre, region_id) VALUES (130604, 'San Pedro', 13);
INSERT INTO public.app_comuna (id, nombre, region_id) VALUES (130605, 'Alhue', 13);
INSERT INTO public.app_comuna (id, nombre, region_id) VALUES (130606, 'Padre Hurtado', 13);

INSERT INTO public.app_etiqueta (id, nombre, validado, fecha_creacion, tipo_id) VALUES (1, 'java', true, '2016-05-04 23:09:42.949000', 1);
INSERT INTO public.app_etiqueta (id, nombre, validado, fecha_creacion, tipo_id) VALUES (2, 'python', true, '2016-05-04 23:10:33.533000', 1);
INSERT INTO public.app_etiqueta (id, nombre, validado, fecha_creacion, tipo_id) VALUES (3, 'c', true, '2016-05-04 23:11:40.870000', 1);
INSERT INTO public.app_etiqueta (id, nombre, validado, fecha_creacion, tipo_id) VALUES (4, 'c++', true, '2016-05-04 23:11:53.461000', 1);
INSERT INTO public.app_etiqueta (id, nombre, validado, fecha_creacion, tipo_id) VALUES (7, 'práctica 1', true, '2016-05-04 23:13:09.845000', 3);
INSERT INTO public.app_etiqueta (id, nombre, validado, fecha_creacion, tipo_id) VALUES (8, 'práctica 2', true, '2016-05-04 23:13:26.228000', 3);
INSERT INTO public.app_etiqueta (id, nombre, validado, fecha_creacion, tipo_id) VALUES (9, 'trabajo', true, '2016-05-04 23:17:14.040000', 3);
INSERT INTO public.app_etiqueta (id, nombre, validado, fecha_creacion, tipo_id) VALUES (5, 'fulltime', true, '2016-05-04 23:12:21.861000', 2);
INSERT INTO public.app_etiqueta (id, nombre, validado, fecha_creacion, tipo_id) VALUES (6, 'parttime', true, '2016-05-04 23:12:36.073000', 2);
INSERT INTO public.app_etiqueta (id, nombre, validado, fecha_creacion, tipo_id) VALUES (10, 'javascript', true, '2016-05-05 16:05:58.472000', 1);

INSERT INTO public.app_oferta (id, titulo, tipo, habilidades_deseadas, habilidades_requeridas, descripcion, requiere_experiencia, se_ofrece, fecha_comienzo, fecha_termino, duracion_minima, comentario_duracion, direccion, nombre_encargado, email_encargado, telefono_encargado, comentario_jornada, hora_ingreso, hora_salida, remunerado, sueldo_minimo, comentario_sueldo, fecha_ingreso, publicada, fecha_publicacion, puntuacion, visitas, notificar, latitud, longitud, comuna_id, empresa_id, jornada_id) VALUES (2, 'Titulo 2', 'Trabajo', 'hab 2', 'hab req 1', 'desc 1', 'req exp 1', 'se ofrece', '2016-05-06', '2016-06-06', 2, 'comen dur', 'dir 1', 'encargado 2', 'mail 1', 'tel 1', 'comen jor 1', '08:00:00', '18:00:00', 'remunerado', 330000, 'comen sue 1', '2016-05-06 00:52:11.096000', true, '2016-05-06 00:52:16.270000', 0, 0, false, null, null, 130204, 4, 2);
INSERT INTO public.app_oferta (id, titulo, tipo, habilidades_deseadas, habilidades_requeridas, descripcion, requiere_experiencia, se_ofrece, fecha_comienzo, fecha_termino, duracion_minima, comentario_duracion, direccion, nombre_encargado, email_encargado, telefono_encargado, comentario_jornada, hora_ingreso, hora_salida, remunerado, sueldo_minimo, comentario_sueldo, fecha_ingreso, publicada, fecha_publicacion, puntuacion, visitas, notificar, latitud, longitud, comuna_id, empresa_id, jornada_id) VALUES (1, 'Titulo 1', 'Práctica', 'hab 1', 'hab req 1', 'desc 1', 'req exp 1', 'se ofrece', '2016-05-05', '2016-06-05', 2, 'comen dur', 'dir 1', 'encargado 1', 'mail 1', 'tel 1', 'comen jor 1', '08:00:00', '18:00:00', 'remunerado', 200000, 'comen sue 1', '2016-05-05 00:52:11.096000', true, '2016-05-05 00:52:11.096000', 0, 0, false, null, null, 130204, 3, 1);
INSERT INTO public.app_oferta (id, titulo, tipo, habilidades_deseadas, habilidades_requeridas, descripcion, requiere_experiencia, se_ofrece, fecha_comienzo, fecha_termino, duracion_minima, comentario_duracion, direccion, nombre_encargado, email_encargado, telefono_encargado, comentario_jornada, hora_ingreso, hora_salida, remunerado, sueldo_minimo, comentario_sueldo, fecha_ingreso, publicada, fecha_publicacion, puntuacion, visitas, notificar, latitud, longitud, comuna_id, empresa_id, jornada_id) VALUES (7, 'Oferta Ednar', 'Práctica', 'Conocimiento desarrollo Web, Framework MVC, Web Scraping', 'Python, Javascript', 'Lorem ipsum dolor sit amet, porttitor metus scelerisque, nullam hymenaeos, justo in lobortis. Consectetur proin, placerat scelerisque. Pellentesque tincidunt convallis, quis ornare, at dolor. Aenean ultrices, blandit mattis, amet ut nec. Mattis aliquam. At in. Morbi ac orci, sit semper. Lacinia arcu.', 'No requiere', '--', '2016-06-05', '2016-11-05', 2, 'Un mínimo de 2 meses y 5 como máximo', 'Calle falsa 123', 'RICARDO RUIZ', 'RRUIZ@COMPANY.CL', '2 111 1111', 'Viernes 8 horas con horario de entrada y salida flexible', '08:00:00', '18:00:00', 'remunerado', 330000, 'Sueldo variable según experiencia demostrable', '2016-05-05 16:02:24.944000', true, '2016-05-05 16:02:58.719000', 0, 0, false, null, null, 130204, 4, 2);
INSERT INTO public.app_oferta (id, titulo, tipo, habilidades_deseadas, habilidades_requeridas, descripcion, requiere_experiencia, se_ofrece, fecha_comienzo, fecha_termino, duracion_minima, comentario_duracion, direccion, nombre_encargado, email_encargado, telefono_encargado, comentario_jornada, hora_ingreso, hora_salida, remunerado, sueldo_minimo, comentario_sueldo, fecha_ingreso, publicada, fecha_publicacion, puntuacion, visitas, notificar, latitud, longitud, comuna_id, empresa_id, jornada_id) VALUES (4, 'Titulo 4', 'Memoria', 'hab 4', 'hab req 1', 'desc 1', 'req exp 1', 'se ofrece', '2016-05-08', '2016-06-08', 2, 'comen dur', 'dir 1', 'encargado 4', 'mail 1', 'tel 1', 'comen jor 1', '08:00:00', '18:00:00', 'remunerado', 330000, 'comen sue 1', '2016-05-08 00:52:11.096000', true, '2016-05-08 00:52:16.270000', 0, 0, false, null, null, 130204, 5, 2);
INSERT INTO public.app_oferta (id, titulo, tipo, habilidades_deseadas, habilidades_requeridas, descripcion, requiere_experiencia, se_ofrece, fecha_comienzo, fecha_termino, duracion_minima, comentario_duracion, direccion, nombre_encargado, email_encargado, telefono_encargado, comentario_jornada, hora_ingreso, hora_salida, remunerado, sueldo_minimo, comentario_sueldo, fecha_ingreso, publicada, fecha_publicacion, puntuacion, visitas, notificar, latitud, longitud, comuna_id, empresa_id, jornada_id) VALUES (6, 'Titulo 6', 'Práctica', 'hab 6', 'hab req 1', 'desc 1', 'req exp 1', 'se ofrece', '2016-05-10', '2016-06-10', 2, 'comen dur', 'dir 1', 'encargado 6', 'mail 1', 'tel 1', 'comen jor 1', '08:00:00', '18:00:00', 'remunerado', 1000000, 'comen sue 1', '2016-04-21 00:52:11.096000', true, '2016-05-10 00:52:16.270000', 0, 0, false, null, null, 130204, 4, 1);
INSERT INTO public.app_oferta (id, titulo, tipo, habilidades_deseadas, habilidades_requeridas, descripcion, requiere_experiencia, se_ofrece, fecha_comienzo, fecha_termino, duracion_minima, comentario_duracion, direccion, nombre_encargado, email_encargado, telefono_encargado, comentario_jornada, hora_ingreso, hora_salida, remunerado, sueldo_minimo, comentario_sueldo, fecha_ingreso, publicada, fecha_publicacion, puntuacion, visitas, notificar, latitud, longitud, comuna_id, empresa_id, jornada_id) VALUES (3, 'Titulo 3', 'Práctica', 'hab 3', 'hab req 1', 'desc 1', 'req exp 1', 'se ofrece', '2016-05-07', '2016-06-07', 2, 'comen dur', 'dir 1', 'encargado 3', 'mail 1', 'tel 1', 'comen jor 1', '08:00:00', '18:00:00', 'remunerado', 500000, 'comen sue 1', '2016-04-07 00:52:11.096000', true, '2016-05-07 00:52:16.270000', 0, 0, false, null, null, 130204, 3, 1);
INSERT INTO public.app_oferta (id, titulo, tipo, habilidades_deseadas, habilidades_requeridas, descripcion, requiere_experiencia, se_ofrece, fecha_comienzo, fecha_termino, duracion_minima, comentario_duracion, direccion, nombre_encargado, email_encargado, telefono_encargado, comentario_jornada, hora_ingreso, hora_salida, remunerado, sueldo_minimo, comentario_sueldo, fecha_ingreso, publicada, fecha_publicacion, puntuacion, visitas, notificar, latitud, longitud, comuna_id, empresa_id, jornada_id) VALUES (5, 'Titulo 5', 'Trabajo', 'hab 5', 'hab req 1', 'desc 1', 'req exp 1', 'se ofrece', '2016-05-09', '2016-06-09', 2, 'comen dur', 'dir 1', 'encargado 5', 'mail 1', 'tel 1', 'comen jor 1', '08:00:00', '18:00:00', 'remunerado', 750000, 'comen sue 1', '2016-05-09 00:52:11.096000', true, '2016-05-07 05:10:03.240580', 0, 0, false, null, null, 130204, 5, 2);

INSERT INTO public.app_oferta_etiquetas (id, oferta_id, etiqueta_id) VALUES (1, 1, 1);
INSERT INTO public.app_oferta_etiquetas (id, oferta_id, etiqueta_id) VALUES (3, 1, 5);
INSERT INTO public.app_oferta_etiquetas (id, oferta_id, etiqueta_id) VALUES (4, 2, 9);
INSERT INTO public.app_oferta_etiquetas (id, oferta_id, etiqueta_id) VALUES (5, 3, 3);
INSERT INTO public.app_oferta_etiquetas (id, oferta_id, etiqueta_id) VALUES (6, 4, 2);
INSERT INTO public.app_oferta_etiquetas (id, oferta_id, etiqueta_id) VALUES (7, 4, 7);
INSERT INTO public.app_oferta_etiquetas (id, oferta_id, etiqueta_id) VALUES (8, 5, 4);
INSERT INTO public.app_oferta_etiquetas (id, oferta_id, etiqueta_id) VALUES (9, 7, 10);
INSERT INTO public.app_oferta_etiquetas (id, oferta_id, etiqueta_id) VALUES (10, 7, 2);
INSERT INTO public.app_oferta_etiquetas (id, oferta_id, etiqueta_id) VALUES (23, 1, 8);
INSERT INTO public.app_oferta_etiquetas (id, oferta_id, etiqueta_id) VALUES (24, 1, 7);
INSERT INTO public.app_oferta_etiquetas (id, oferta_id, etiqueta_id) VALUES (25, 7, 8);